{
    "params": {
        "k_inner_bond": 34.81653555134242,
        "k_inner_angle": 12.37227072389247,
        "k_outer_bond": 0.012336832551797442,
        "k_outer_angle": 0.01625737701199162
    },
    "value": 0.0019185094896281862
}
