{
    "params": {
        "k_inner_bond": 0.11692132084283809,
        "k_outer_bond": 0.2336366421530933,
        "k_inner_angle": 0.048519546967888634,
        "k_outer_angle": 0.037294101916655394
    },
    "value": 0.0076908340634437205,
    "trial_number": 58
}
