{
    "params": {
        "k_inner_bond": 2.561003446461545,
        "k_middle_bond": 0.21163373984436662,
        "k_outer_bond": 0.011943873730099318,
        "k_inner_angle": 0.4916200029764677,
        "k_middle_angle": 0.16190150558889646,
        "k_outer_angle": 0.012857015071579268
    },
    "value": 0.003085229712369912,
    "trial_number": 96
}
