{
    "params": {
        "k_inner_bond": 463.0645534961292,
        "k_inner_angle": 794.3434452160473,
        "k_outer_bond": 0.016010110940477638,
        "k_outer_angle": 0.1623279812298847
    },
    "value": 0.012333061059202337
}
