{
    "params": {
        "k_inner_bond": 1.7985728499695894,
        "k_inner_angle": 1.1746409516374936,
        "k_outer_bond": 0.01769019265724971,
        "k_outer_angle": 2.496168115259177
    },
    "value": 2.4484681242452943e-05
}
