{
    "params": {
        "k_inner_bond": 513.3884601358482,
        "k_inner_angle": 778.0131445949631,
        "k_outer_bond": 0.013062047904622837,
        "k_outer_angle": 0.672722839483315
    },
    "value": 0.05829429460382772
}
